-- phpMyAdmin SQL Dump
-- version 4.0.4
-- http://www.phpmyadmin.net
--
-- Servidor: localhost
-- Tiempo de generación: 01-11-2013 a las 22:38:34
-- Versión del servidor: 5.6.12-log
-- Versión de PHP: 5.4.12

SET SQL_MODE = "NO_AUTO_VALUE_ON_ZERO";
SET time_zone = "+00:00";


/*!40101 SET @OLD_CHARACTER_SET_CLIENT=@@CHARACTER_SET_CLIENT */;
/*!40101 SET @OLD_CHARACTER_SET_RESULTS=@@CHARACTER_SET_RESULTS */;
/*!40101 SET @OLD_COLLATION_CONNECTION=@@COLLATION_CONNECTION */;
/*!40101 SET NAMES utf8 */;

--
-- Base de datos: `mapavende`
--
CREATE DATABASE IF NOT EXISTS `mapavende` DEFAULT CHARACTER SET utf8 COLLATE utf8_spanish_ci;
USE `mapavende`;

-- --------------------------------------------------------

--
-- Estructura de tabla para la tabla `estados`
--

CREATE TABLE IF NOT EXISTS `estados` (
  `id_estado` int(2) NOT NULL AUTO_INCREMENT,
  `estado` varchar(50) CHARACTER SET utf8 COLLATE utf8_spanish_ci DEFAULT NULL,
  PRIMARY KEY (`id_estado`)
) ENGINE=MyISAM  DEFAULT CHARSET=utf8 COLLATE=utf8_unicode_ci AUTO_INCREMENT=33 ;

--
-- Volcado de datos para la tabla `estados`
--

INSERT INTO `estados` (`id_estado`, `estado`) VALUES
(1, 'Aguascalientes'),
(2, 'Baja California'),
(3, 'Baja California Sur'),
(4, 'Campeche'),
(5, 'Chiapas'),
(6, 'Chihuahua'),
(7, 'Coahuila'),
(8, 'Colima'),
(9, 'Distrito Federal'),
(10, 'Durango'),
(11, 'Estado de México'),
(12, 'Guanajuato'),
(13, 'Guerrero'),
(14, 'Hidalgo'),
(15, 'Jalisco'),
(16, 'Michoacán'),
(17, 'Morelos'),
(18, 'Nayarit'),
(19, 'Nuevo León'),
(20, 'Oaxaca'),
(21, 'Puebla'),
(22, 'Querétaro'),
(23, 'Quintana Roo'),
(24, 'San Luis Potosí'),
(25, 'Sinaloa'),
(26, 'Sonora'),
(27, 'Tabasco'),
(28, 'Tamaulipas'),
(29, 'Tlaxcala'),
(30, 'Veracruz'),
(31, 'Yucatán'),
(32, 'Zacatecas');

-- --------------------------------------------------------

--
-- Estructura de tabla para la tabla `municipios`
--

CREATE TABLE IF NOT EXISTS `municipios` (
  `id_municipio` int(11) NOT NULL AUTO_INCREMENT,
  `id_estado` int(11) NOT NULL COMMENT 'Id de tabla estados',
  `municipio` varchar(100) NOT NULL,
  PRIMARY KEY (`id_municipio`)
) ENGINE=MyISAM  DEFAULT CHARSET=latin1 AUTO_INCREMENT=1791 ;

--
-- Volcado de datos para la tabla `municipios`
--

INSERT INTO `municipios` (`id_municipio`, `id_estado`, `municipio`) VALUES
(1, 1, 'Aguascalientes'),
(2, 1, 'Asientos'),
(3, 1, 'Calvillo'),
(4, 1, 'Cosio'),
(5, 1, 'Jesus Maria'),
(6, 1, 'Pabellon De Arteaga'),
(7, 1, 'Rincon De Romos'),
(8, 1, 'San Jose De Gracia'),
(9, 1, 'Tepezala'),
(10, 1, 'San Francisco De Los Romo'),
(11, 1, 'El Llano'),
(12, 2, 'Ensenada'),
(13, 2, 'Mexicali'),
(14, 2, 'Tecate'),
(15, 2, 'Tijuana'),
(16, 2, 'Playas De Rosarito'),
(17, 2, 'Rosarito'),
(18, 2, 'Ciudad Guadalupe Victoria'),
(19, 2, 'San Felipe'),
(20, 2, 'San Quintin'),
(21, 2, 'Ciudad Morelos'),
(22, 2, 'Los Algodones'),
(23, 2, 'La Rumorosa'),
(24, 2, 'Cataviña'),
(25, 2, 'Colonet'),
(26, 2, 'Cedros'),
(27, 2, 'Guadalupe'),
(28, 2, 'Islas Coronado'),
(29, 3, 'Comondu'),
(30, 3, 'Mulege'),
(31, 3, 'La Paz'),
(32, 3, 'Los Cabos'),
(33, 3, 'Loreto'),
(34, 4, 'Calkini'),
(35, 4, 'Campeche'),
(36, 4, 'Carmen'),
(37, 4, 'Champoton'),
(38, 4, 'Hecelchakan'),
(39, 4, 'Hopelchen'),
(40, 4, 'Palizada'),
(41, 4, 'Tenabo'),
(42, 4, 'Escarcega'),
(43, 4, 'Calakmul'),
(44, 4, 'Candelaria'),
(45, 5, 'Acacoyagua'),
(46, 5, 'Acala'),
(47, 5, 'Acapetahua'),
(48, 5, 'Aldama'),
(49, 5, 'Altamirano'),
(50, 5, 'Amatan'),
(51, 5, 'Amatenango De La Frontera'),
(52, 5, 'Amatenango Del Valle'),
(53, 5, 'Angel Albino Corzo'),
(54, 5, 'Arriaga'),
(55, 5, 'Bejucal De Ocampo'),
(56, 5, 'Bella Vista'),
(57, 5, 'Benemerito De Las Americas'),
(58, 5, 'Berriozabal'),
(59, 5, 'Bochil'),
(60, 5, 'El Bosque'),
(61, 5, 'Cacahoatan'),
(62, 5, 'Catazaja'),
(63, 5, 'Cintalapa'),
(64, 5, 'Coapilla'),
(65, 5, 'Comitan De Dominguez'),
(66, 5, 'La Concordia'),
(67, 5, 'Copainala'),
(68, 5, 'Chalchihuitan'),
(69, 5, 'Chamula'),
(70, 5, 'Chanal'),
(71, 5, 'Chapultenango'),
(72, 5, 'Chenalho'),
(73, 5, 'Chiapa De Corzo Corzo'),
(74, 5, 'Chiapilla'),
(75, 5, 'Chicoasen'),
(76, 5, 'Chicomuselo'),
(77, 5, 'Chilon'),
(78, 5, 'Escuintla'),
(79, 5, 'Francisco Leon'),
(80, 5, 'Frontera Comalapa'),
(81, 5, 'Frontera Hidalgo'),
(82, 5, 'La Grandeza'),
(83, 5, 'Huhuetan'),
(84, 5, 'Huixtan'),
(85, 5, 'Huitiupan'),
(86, 5, 'Huixtla'),
(87, 5, 'La Independencia'),
(88, 5, 'Ixhuatan'),
(89, 5, 'Ixtacomitan'),
(90, 5, 'Ixtapa'),
(91, 5, 'Ixtapangajoya'),
(92, 5, 'Jiquipilas Jiquipilas'),
(93, 5, 'Juarez'),
(94, 5, 'Larrainzar'),
(95, 5, 'La Libertad'),
(96, 5, 'Mapastepec'),
(97, 5, 'Maravilla Tenejapa '),
(98, 5, 'Marqués De Comillas '),
(99, 5, 'Mazapa De Madero '),
(100, 5, 'Mazatán '),
(101, 5, 'Metapa '),
(102, 5, 'Mitontic '),
(103, 5, 'Montecristo De Guerrero '),
(104, 5, 'Motozintla '),
(105, 5, 'Nicolás Ruíz '),
(106, 5, 'Ocosingo RN'),
(107, 5, 'Ocotepec '),
(108, 5, 'Ocozocoautla De Espinosa '),
(109, 5, 'Ostuacán '),
(110, 5, 'Osumacinta '),
(111, 5, 'Oxchuc '),
(112, 5, 'Palenque '),
(113, 5, 'Pantelhó '),
(114, 5, 'Pantepec '),
(115, 5, 'Pichucalco '),
(116, 5, 'Pijijiapan '),
(117, 5, 'El Porvenir '),
(118, 5, 'Pueblo Nuevo Solistahuacán '),
(119, 5, 'Rayón '),
(120, 5, 'Reforma '),
(121, 5, 'Las Rosas '),
(122, 5, 'Las Rosas '),
(123, 5, 'Sabanilla '),
(124, 5, 'Salto De Agua '),
(125, 5, 'San Andrés Duraznal '),
(126, 5, 'San Cristobal De Las Casas '),
(127, 5, 'San Fernando '),
(128, 5, 'San Juan Cancuc '),
(129, 5, 'San Lucas '),
(130, 5, 'Santiago El Pinar '),
(131, 5, 'Siltepec '),
(132, 5, 'Simojovel '),
(133, 5, 'Sitalá '),
(134, 5, 'Socoltenango '),
(135, 5, 'Solosuchiapa '),
(136, 5, 'Soyaló '),
(137, 5, 'Suchiapa '),
(138, 5, 'Suchiate '),
(139, 5, 'Sunuapa '),
(140, 5, 'Tapachula '),
(141, 5, 'Tapalapa '),
(142, 5, 'Tapilula '),
(143, 5, 'Tecpatán '),
(144, 5, 'Tenejapa '),
(145, 5, 'Teopisca '),
(146, 5, 'Tila '),
(147, 5, 'Tonalá '),
(148, 5, 'Totolapa '),
(149, 5, 'La Trinitaria '),
(150, 5, 'Tumbalá '),
(151, 5, 'Tuxtla Gutiérrez '),
(152, 5, 'Tuxtla Chico '),
(153, 5, 'Tuzantán '),
(154, 5, 'Tzimol '),
(155, 5, 'Unión Juárez '),
(156, 5, 'Venustiano Carranza '),
(157, 5, 'Villa Comaltitlán '),
(158, 5, 'Villa Corzo '),
(159, 5, 'Villaflores '),
(160, 5, 'Yajalón '),
(161, 5, 'Zinacantán '),
(162, 6, 'Ahumada'),
(163, 6, 'Aldama'),
(164, 6, 'Allende'),
(165, 6, 'Aquiles Serdán'),
(166, 6, 'Ascensión'),
(167, 6, 'Bachíniva'),
(168, 6, 'Balleza'),
(169, 6, 'Batopilas'),
(170, 6, 'Bocoyna'),
(171, 66, 'Buenaventura'),
(172, 6, 'Camargo'),
(173, 6, 'Carichi'),
(174, 6, 'Casas Grandes'),
(175, 6, 'Coronado'),
(176, 6, 'Coyame Del Sotol'),
(177, 6, 'La Cruz'),
(178, 6, 'Cuauhtémoc'),
(179, 6, 'Cusihuiriáchi'),
(180, 6, 'Chihuahua'),
(181, 6, 'Chínipas'),
(182, 6, 'Delicias'),
(183, 6, 'Dr. Belisario Domínguez'),
(184, 6, 'Galeana'),
(185, 6, 'Santa Isabel'),
(186, 6, 'Gómez Farías'),
(187, 6, 'Gran Morelos'),
(188, 6, 'Guachochi'),
(189, 6, 'Guadalupe D.B.'),
(190, 6, 'Guadalupe Y Calvo'),
(191, 6, 'Guazapares'),
(192, 6, 'Guerrero'),
(193, 6, 'Hidalgo Del Parral'),
(194, 6, 'Huejotitán'),
(195, 6, 'Ignacio Zaragoza'),
(196, 6, 'Janos'),
(197, 6, 'Jiménez'),
(198, 6, 'Juárez'),
(199, 6, 'Julimes'),
(200, 6, 'López'),
(201, 6, 'Madera'),
(202, 6, 'Maguarichi'),
(203, 6, 'Manuel Benavides'),
(204, 6, 'Matachi'),
(205, 6, 'Matamoros'),
(206, 6, 'Meoqui'),
(207, 6, 'Morelos'),
(208, 6, 'Moris'),
(209, 6, 'Namiquipa'),
(210, 6, 'Nonoava'),
(211, 6, 'Nuevo Casas Grandes'),
(212, 6, 'Ocampo'),
(213, 6, 'Ojinaga'),
(214, 6, 'Praxedis G. Guerrero'),
(215, 6, 'Riva Palacio'),
(216, 6, 'Rosales'),
(217, 6, 'Rosario'),
(218, 6, 'San Francisco De Borja'),
(219, 6, 'San Francisco De Conchos'),
(220, 6, 'San Francisco Del Oro'),
(221, 6, 'Santa Bárbara'),
(222, 6, 'Satevó'),
(223, 6, 'Saucillo'),
(224, 6, 'Temósachi'),
(225, 6, 'El Tule'),
(226, 6, 'Urique'),
(227, 6, 'Uruáchi'),
(228, 6, 'Valle De Zaragoza'),
(229, 7, 'Abasolo'),
(230, 7, 'Acuña'),
(231, 7, 'Allende'),
(232, 7, 'Arteaga'),
(233, 7, 'Candela'),
(234, 7, 'Castaños'),
(235, 7, 'Cuatrocienegas'),
(236, 7, 'Escobedo'),
(237, 7, 'Francisco I. Madero'),
(238, 7, 'Frontera'),
(239, 7, 'General Cepeda'),
(240, 7, 'Guerrero'),
(241, 7, 'Hidalgo'),
(242, 7, 'Jimenez'),
(243, 7, 'Juarez'),
(244, 7, 'Lamadrid'),
(245, 7, 'Matamoros'),
(246, 7, 'Monclova'),
(247, 7, 'Morelos'),
(248, 7, 'San Buenaventura'),
(249, 7, 'San Juan De Sabinas'),
(250, 7, 'San Pedro'),
(251, 7, 'Sierra Mojada'),
(252, 7, 'Torreon'),
(253, 7, 'Viesca'),
(254, 7, 'Villa Union'),
(255, 8, 'Armería'),
(256, 8, 'Colima'),
(257, 8, 'Comala'),
(258, 8, 'Coquimatlán'),
(259, 8, 'Cuauhtémoc'),
(260, 8, 'Ixtlahuacán'),
(261, 8, 'Manzanillo'),
(262, 8, 'Minatitlán'),
(263, 8, 'Tecomán'),
(264, 8, 'Villa De Álvarez'),
(270, 10, 'Canatlán'),
(271, 10, 'Canelas'),
(272, 10, 'Coneto De Comonfort'),
(273, 10, 'Cuencamé'),
(274, 10, 'Durango'),
(275, 10, 'General Simón Bolívar'),
(276, 10, 'Gómez Palacio'),
(277, 10, 'Guadalupe Victoria'),
(278, 10, 'Guanaceví'),
(279, 10, 'Hidalgo'),
(280, 10, 'Indé'),
(281, 10, 'Ciudad Lerdo'),
(282, 10, 'Mapimí'),
(283, 10, 'Mezquital'),
(284, 10, 'Nazas'),
(285, 10, 'Nombre De Dios'),
(286, 10, 'Ocampo'),
(287, 10, 'Oro, El'),
(288, 10, 'Otáez'),
(289, 10, 'Pánuco De Coronado'),
(290, 10, 'Peñón Blanco'),
(291, 10, 'Poanas'),
(292, 10, 'Pueblo Nuevo'),
(293, 10, 'Rodeo'),
(294, 10, 'San Bernardo'),
(295, 10, 'San Dimas'),
(296, 10, 'San Juan De Guadalupe'),
(297, 10, 'San Juan Del Río'),
(298, 10, 'San Luis Del Cordero'),
(299, 10, 'San Pedro Del Gallo'),
(300, 10, 'Santiago Papasquiaro'),
(301, 10, 'Súchil'),
(302, 10, 'Tamazula'),
(303, 10, 'Tepehuanes'),
(304, 10, 'Tlahualilo'),
(305, 10, 'Topia'),
(306, 10, 'Vicente Guerrero'),
(307, 10, 'Nuevo Ideal'),
(308, 10, 'Santa Clara'),
(309, 10, 'Santiago Papasquiaro'),
(310, 10, 'Súchil'),
(311, 10, 'Tamazula'),
(312, 10, 'Tepehuanes'),
(313, 10, 'Tlahualilo'),
(314, 10, 'Topia'),
(315, 10, 'Vicente Guerrero'),
(316, 10, 'Nuevo Ideal'),
(322, 11, 'Aculco'),
(321, 11, 'Acolman'),
(320, 11, 'Acambay'),
(323, 11, 'Almoloya De Alquisiras'),
(324, 11, 'Almoloya De  Juárez'),
(325, 11, 'Almoloya Del Río'),
(326, 11, 'Amanalco'),
(327, 11, 'Amatepec'),
(328, 11, 'Amecameca'),
(329, 11, 'Apaxco'),
(330, 11, 'Atenco'),
(331, 11, 'Atizapán'),
(332, 11, 'Atizapán De Zaragoza'),
(333, 11, 'Atlacomulco'),
(334, 11, 'Atlautla'),
(335, 11, 'Axapusco'),
(336, 11, 'Ayapango'),
(337, 11, 'Calimaya'),
(338, 11, 'Capulhuac'),
(339, 11, 'Coacalco De Berriozábal'),
(340, 11, 'Coatepec Harinas'),
(341, 11, 'Cocotitlán'),
(342, 11, 'Coyotepec'),
(343, 11, 'Cuautitlán'),
(344, 11, 'Chalco'),
(345, 11, 'Chapa De Mota'),
(346, 11, 'Chapultepec'),
(347, 11, 'Chiautla'),
(348, 11, 'Chicoloapan'),
(349, 11, 'Chiconcuac'),
(350, 11, 'Chimalhuacán'),
(351, 11, 'Donato Guerra'),
(352, 11, 'Ecatepec'),
(353, 11, 'Ecatzingo'),
(354, 11, 'Hueypoxtla'),
(355, 11, 'Huixquilucan'),
(356, 11, 'Isidro Fabela'),
(357, 11, 'Ixtapaluca'),
(358, 11, 'Ixtapan De La Sal'),
(359, 11, 'Ixtapan Del Oro'),
(360, 11, 'Ixtlahuaca'),
(361, 11, 'Xalatlaco'),
(362, 11, 'Jaltenco'),
(363, 11, 'Jilotepec'),
(364, 11, 'Jilotzingo'),
(365, 11, 'Jiquipilco'),
(366, 11, 'Jocotitlán'),
(367, 11, 'Joquicingo'),
(368, 11, 'Juchitepec'),
(369, 11, 'Lerma'),
(370, 11, 'Malinalco'),
(371, 11, 'Melchor Ocampo'),
(372, 11, 'Metepec'),
(373, 11, 'Mexicaltzingo'),
(374, 11, 'Morelos'),
(375, 11, 'Naucalpan De Juárez'),
(376, 11, 'Nezahualcóyotl'),
(377, 11, 'Nextlalpan'),
(378, 11, 'Nicolás Romero'),
(379, 11, 'Nopaltepec'),
(380, 11, 'Ocoyoacac'),
(381, 11, 'Ocuilan'),
(382, 11, 'El Oro'),
(383, 11, 'Otumba'),
(384, 11, 'Otzoloapan'),
(385, 11, 'Otzolotepec'),
(386, 11, 'Ozumba'),
(387, 11, 'Papalotla'),
(388, 11, 'La Paz'),
(389, 11, 'Polotitlán'),
(390, 11, 'Rayón'),
(391, 11, 'San Antonio La Isla'),
(392, 11, 'San Felipe Del Progreso'),
(393, 11, 'San Martín De Las Pirámides'),
(394, 11, 'San Mateo Atenco'),
(395, 11, 'San Simón De Guerrero'),
(396, 11, 'Santo Tomás'),
(397, 11, 'Soyaniquilpan De Juárez'),
(398, 11, 'Sultepec'),
(399, 11, 'Tecámac'),
(400, 11, 'Tejupilco'),
(401, 11, 'Temamatla'),
(402, 11, 'Temascalapa'),
(403, 11, 'Temascalcingo'),
(404, 11, 'Temascaltepec'),
(405, 11, 'Temoaya'),
(406, 11, 'Tenancingo'),
(407, 11, 'Tenango Del Aire'),
(408, 11, 'Tenango Del Valle'),
(409, 11, 'Teoloyucan'),
(410, 11, 'Teotihuacán'),
(411, 11, 'Tepetlaoxtoc'),
(412, 11, 'Tepetlixpa'),
(413, 11, 'Tepotzotlán'),
(414, 11, 'Tequixquiac'),
(415, 11, 'Texcaltitlán'),
(416, 11, 'Texcalyacac'),
(417, 11, 'Texcoco'),
(418, 11, 'Tezoyuca'),
(419, 11, 'Tianguistenco'),
(420, 11, 'Timilpan'),
(421, 11, 'Tlalmanalco'),
(422, 11, 'Tlalnepantla De Baz'),
(423, 11, 'Tlatlaya'),
(424, 11, 'Toluca'),
(425, 11, 'Tonatico'),
(426, 11, 'Tultepec'),
(427, 11, 'Tultitlán'),
(428, 11, 'Valle De Bravo'),
(429, 11, 'Villa De Allende'),
(430, 11, 'Villa Del Carbón'),
(431, 11, 'Villa Guerrero'),
(432, 11, 'Villa Victoria'),
(433, 11, 'Xonacatlán'),
(434, 11, 'Zacazonapan'),
(435, 11, 'Zacualpan'),
(436, 11, 'Zinacantepec'),
(437, 11, 'Zumpahuacán'),
(438, 11, 'Zumpango'),
(439, 11, 'Cuautitlán Izcalli'),
(440, 11, 'Valle De Chalco Solidaridad'),
(441, 11, 'Luvianos'),
(442, 11, 'San José Del Rincón'),
(443, 11, 'Santa María Tonanitla'),
(444, 12, 'Abasolo'),
(445, 12, 'Acambaro'),
(446, 12, 'Allende'),
(447, 12, 'Apaseo El Alto'),
(448, 12, 'Atarjea'),
(449, 12, 'Celaya'),
(450, 12, 'Manuel Doblado'),
(451, 12, 'Comonfort'),
(452, 12, 'Coroneo'),
(453, 12, 'Cortazar'),
(454, 12, 'Cueramaro'),
(455, 12, 'Doctor Mora'),
(456, 12, 'Dolores Hidalgo'),
(457, 12, 'Guanajuato'),
(458, 12, 'Huanimaro'),
(459, 12, 'Irapuato'),
(460, 12, 'Jaral Del Progreso'),
(461, 12, 'Jerecuaro'),
(462, 12, 'Leon'),
(463, 12, 'Moroleon'),
(464, 12, 'Ocampo'),
(465, 12, 'Penjamo'),
(466, 12, 'Pueblo Nuevo'),
(467, 12, 'Purisima Del Rincon'),
(468, 12, 'Romita'),
(469, 12, 'Salamanca'),
(470, 12, 'Salvatierra'),
(471, 12, 'San Diego De La Union'),
(472, 12, 'San Felipe'),
(473, 12, 'San Francisco Del Rincon'),
(474, 12, 'San Jose Iturbide'),
(475, 12, 'San Luis De La Paz'),
(476, 12, 'Santa Catarina'),
(477, 12, 'Santa Cruz De Juventino Rosas'),
(478, 12, 'Santiago Maravatio'),
(479, 12, 'Silao'),
(480, 12, 'Tarandacuao'),
(481, 12, 'Tarimoro'),
(482, 12, 'Tierra Blanca'),
(483, 12, 'Uriangato'),
(484, 12, 'Valle De Santiago'),
(485, 12, 'Victoria'),
(486, 12, 'Villagran'),
(487, 12, 'Xichu'),
(488, 12, 'Yuriria'),
(489, 13, 'Acapulco De Juarez  '),
(490, 13, 'Acatepec '),
(491, 13, 'Ahuacuotzingo '),
(492, 13, 'Ajuchitlan Del Progreso '),
(493, 13, 'Alcozauca De Guerrero '),
(494, 13, 'Alpoyeca '),
(495, 13, 'Apaxtla '),
(496, 13, 'Arcelia '),
(497, 13, 'Atenango Del Río '),
(498, 13, 'Atlamajalcingo Del Monte '),
(499, 13, 'Atlixtac '),
(500, 13, 'Atoyac De Álvarez '),
(501, 13, 'Ayutla '),
(502, 13, 'Azoyú '),
(503, 13, 'Benito Juarez '),
(504, 13, 'Buenavista De Cuéllar '),
(505, 13, 'Chilapa De Álvarez '),
(506, 13, 'Chilpancingo De Los Bravo '),
(507, 13, 'Coahuayutla De José María Izazaga '),
(508, 13, 'Cochoapa El Grande'),
(509, 13, 'Cocula '),
(510, 13, 'Copala '),
(511, 13, 'Copalillo '),
(512, 13, 'Copanatoyac  '),
(513, 13, 'Coyuca De Benítez '),
(514, 13, 'Coyuca De Catalan '),
(515, 13, 'Cuajinicuilapa '),
(516, 13, 'Cualac'),
(517, 13, 'Cuautepec '),
(518, 13, 'Cuetzala Del Progreso '),
(519, 13, 'Cutzamala De Pinzón '),
(520, 13, 'Eduardo Neri '),
(521, 13, 'Florencio Villarreal '),
(522, 13, 'General Canuto A. Neri '),
(523, 13, 'General Heliodoro Castillo '),
(524, 13, 'Huamuxtitlan'),
(525, 13, 'Huitzuco De Los Figueroa '),
(526, 13, 'Iguala '),
(527, 13, 'Igualapa '),
(528, 13, 'Iliatenco'),
(529, 13, 'Ixcateopan De Cuauhtémoc '),
(530, 13, 'José Joaquín De Herrera'),
(531, 13, 'Juan R. Escudero  '),
(532, 13, 'Juchitan'),
(533, 13, 'La Unión '),
(534, 13, 'Leonardo Bravo '),
(535, 13, 'Malinaltepec '),
(536, 13, 'Marquelia'),
(537, 13, 'Martir De Cuilapan '),
(538, 13, 'Metlatónoc '),
(539, 13, 'Mochitlan'),
(540, 13, 'Olinala'),
(541, 13, 'Ometepec '),
(542, 13, 'Pedro Ascencio Alquisiras '),
(543, 13, 'Petatlan'),
(544, 13, 'Pilcaya '),
(545, 13, 'Pungarabato '),
(546, 13, 'Quechultenango '),
(547, 13, 'San Luis Acatlan'),
(548, 13, 'San Marcos '),
(549, 13, 'San Miguel Totolapan '),
(550, 13, 'Taxco De Alarcón '),
(551, 13, 'Tecoanapa '),
(552, 13, 'Tecpan De Galeana '),
(553, 13, 'Teloloapan  '),
(554, 13, 'Teniente José Azueta '),
(555, 13, 'Tepecoacuilco De Trujano '),
(556, 13, 'Tetipac '),
(557, 13, 'Tixtla De Guerrero '),
(558, 13, 'Tlacoachistlahuaca '),
(559, 13, 'Tlacoapa '),
(560, 13, 'Tlalchapa '),
(561, 13, 'Tlalixtaquilla '),
(562, 13, 'Tlapa De Comonfort '),
(563, 13, 'Tlapehuala '),
(564, 13, 'Xalpatlahuac'),
(565, 13, 'Xochihuehuetlan'),
(566, 13, 'Xochistlahuaca '),
(567, 13, 'Zapotitlan Tablas'),
(568, 13, 'Zirandaro De Los Chavez'),
(569, 13, 'Zitlala '),
(570, 14, 'Acatlan'),
(571, 14, 'Huichapan'),
(572, 14, 'Singuilucan'),
(573, 14, 'Acaxochitlan'),
(574, 14, 'Ixmiquilpan'),
(575, 14, 'Tasquillo'),
(576, 14, 'Actopan'),
(577, 14, 'Jacala De Ledezma'),
(578, 14, 'Tecozautla'),
(579, 14, 'Agua Blanca De Iturbide'),
(580, 14, 'Jaltocan'),
(581, 14, 'Tenango De Doria'),
(582, 14, 'Ajacuba'),
(583, 14, 'Juarez Hidalgo'),
(584, 14, 'Tepeapulco'),
(585, 14, 'Alfajayucan'),
(586, 14, 'Lolotla'),
(587, 14, 'Tepehuacan De Guerrero'),
(588, 14, 'Almoloya'),
(589, 14, 'Metepec'),
(590, 14, 'Tepeji Del Rio De Ocampo'),
(591, 14, 'Apan'),
(592, 14, 'San Agustin Metzquititlan'),
(593, 14, 'Tepetitlan'),
(594, 14, 'El Arenal'),
(595, 14, 'Metztitlan'),
(596, 14, 'Tetepango'),
(597, 14, 'Atitalaquia'),
(598, 14, 'Mineral Del Chico'),
(599, 14, 'Villa De Tezontepec'),
(600, 14, 'Atlapexco'),
(601, 14, 'Mineral Del Monte'),
(602, 14, 'Tezontepec De Aldama'),
(603, 14, 'Atotonilco El Grande'),
(604, 14, 'La Mision'),
(605, 14, 'Tianguistengo'),
(606, 14, 'Atotonilco De Tula'),
(607, 14, 'Mixquiahuala De Juarez'),
(608, 14, 'Tizayuca'),
(609, 14, 'Calnali'),
(610, 14, 'Molango De Escamilla'),
(611, 14, 'Tlahuelilpan'),
(612, 14, 'Cardonal'),
(613, 14, 'Nicolas Flores'),
(614, 14, 'Tlahuiltepa'),
(615, 14, 'Cuautepec De Hinojosa'),
(616, 14, 'Nopala De Villagran'),
(617, 14, 'Tlanalapa'),
(618, 14, 'Chapantongo'),
(619, 14, 'Omitlan De Juarez'),
(620, 14, 'Tlanchinol'),
(621, 14, 'Chapulhuacan'),
(622, 14, 'San Felipe Orizatlan'),
(623, 14, 'Tlaxcoapan'),
(624, 14, 'Chilcuautla'),
(625, 14, 'Pacula'),
(626, 14, 'Tolcayuca'),
(627, 14, 'Eloxochitlan'),
(628, 14, 'Pachuca De Soto'),
(629, 14, 'Tula De Allende'),
(630, 14, 'Emiliano Zapata'),
(631, 14, 'Pisaflores'),
(632, 14, 'Tulancingo De Bravo'),
(633, 14, 'Epazoyucan'),
(634, 14, 'Progreso De Obregon'),
(635, 14, 'Xochiatipan'),
(636, 14, 'Francisco I. Madero'),
(637, 14, 'Mineral De La Reforma'),
(638, 14, 'Xochicoatlan'),
(639, 14, 'Huasca De Ocampo'),
(640, 14, 'San Agustin Tlaxiaca'),
(641, 14, 'Yahualica'),
(642, 14, 'Huautla'),
(643, 14, 'San Bartolo Tutotepec'),
(644, 14, 'Zacualtipan De Angeles'),
(645, 14, 'Huazalingo'),
(646, 14, 'San Salvador'),
(647, 14, 'Zapotlan De Juarez'),
(648, 14, 'Huehuetla'),
(649, 14, 'Santiago De Anaya'),
(650, 14, 'Zempoala'),
(651, 14, 'Huejutla De Reyes'),
(652, 14, 'Santiago Tulantepec De Lugo Guerrero'),
(653, 14, 'Zimapan'),
(654, 15, 'Acatic '),
(655, 15, 'Acatlán De Juárez '),
(656, 15, 'Ahualulco De Mercado '),
(657, 15, 'Amacueca '),
(658, 15, 'Amatitán '),
(659, 15, 'Ameca '),
(660, 15, 'San Juanito De Escobedo '),
(661, 15, 'Arandas '),
(662, 15, 'El Arenal '),
(663, 15, 'Atemajac De Brizuela '),
(664, 15, 'Atengo '),
(665, 15, 'Atenguillo '),
(666, 15, 'Atotonilco El Alto '),
(667, 15, 'Atoyac '),
(668, 15, 'Autlán De Navarro '),
(669, 15, 'Ayotlán '),
(670, 15, 'Ayutla '),
(671, 15, 'La Barca '),
(672, 15, 'Bolaños '),
(673, 15, 'Cabo Corrientes '),
(674, 15, 'Casimiro Castillo '),
(675, 15, 'Cihuatlán '),
(676, 15, 'Zapotlán El Grande '),
(677, 15, 'Cocula '),
(678, 15, 'Colotlán '),
(679, 15, 'Concepción De Buenos Aires '),
(680, 15, 'Cuautitlán De García Barragán '),
(681, 15, 'Cuautla '),
(682, 15, 'Cuquío '),
(683, 15, 'Chapala '),
(684, 15, 'Chimaltitán '),
(685, 15, 'Chiquilistlán '),
(686, 15, 'Degollado '),
(687, 15, 'Ejutla '),
(688, 15, 'Encarnación De Díaz '),
(689, 15, 'Etzatlán '),
(690, 15, 'El Grullo '),
(691, 15, 'Guachinango '),
(692, 15, 'Guadalajara '),
(693, 15, 'Hostotipaquillo '),
(694, 15, 'Huejúcar '),
(695, 15, 'Huejuquilla El Alto '),
(696, 15, 'La Huerta '),
(697, 15, 'Ixtlahacán De Los Membrillos '),
(698, 15, 'Ixtlahuacán Del Río '),
(699, 15, 'Jalostotitlán '),
(700, 15, 'Jamay '),
(701, 15, 'Jesús María '),
(702, 15, 'Jilotlán De Los Dolores '),
(703, 15, 'Jocotepec '),
(704, 15, 'Juanacatlán '),
(705, 15, 'Juchitlán '),
(706, 15, 'Lagos De Moreno '),
(707, 15, 'El Limón '),
(708, 15, 'Magdalena '),
(709, 15, 'Santa María Del Oro '),
(710, 15, 'La Manzanilla De La Paz '),
(711, 15, 'Mascota '),
(712, 15, 'Mazamitla '),
(713, 15, 'Mexticacán '),
(714, 15, 'Mezquitic '),
(715, 15, 'Mixtlán '),
(716, 15, 'Ocotlán'),
(717, 15, 'Ojuelos De  Jalisco'),
(718, 15, 'Pihuamo'),
(719, 15, 'Poncitlán'),
(720, 15, 'Puerto Vallarta'),
(721, 15, 'Villa Purificación'),
(722, 15, 'Quitupan'),
(723, 15, 'El Salto'),
(724, 15, 'San Cristóbal De La Barranca'),
(725, 15, 'San Diego De Alejandría'),
(726, 15, 'San Juan De Los Lagos'),
(727, 15, 'San Julián'),
(728, 15, 'San Marcos'),
(729, 15, 'San Martín De Bolaños'),
(730, 15, 'San Martín Hidalgo'),
(731, 15, 'San Miguel El Alto'),
(732, 15, 'Gómez Farías'),
(733, 15, 'San Sebastián Del Oeste'),
(734, 15, 'Santa María De Los Ángeles'),
(735, 15, 'Sayula'),
(736, 15, 'Tala'),
(737, 15, 'Talpa De Allende'),
(738, 15, 'Tamazula De Gordiano'),
(739, 15, 'Tapalpa'),
(740, 15, 'Tecalitlán'),
(741, 15, 'Tecolotlán'),
(742, 15, 'Techaluta De Montenegro'),
(743, 15, 'Tenamaxlán'),
(744, 15, 'Teocaltiche'),
(745, 15, 'Teocuitatlán De Corona'),
(746, 15, 'Tepatitlán De Morelos'),
(747, 15, 'Tequila'),
(748, 15, 'Teuchitlán'),
(749, 15, 'Tizapán El Alto'),
(750, 15, 'Tlajomulco De Zúñiga'),
(751, 15, 'Tlaquepaque'),
(752, 15, 'Tolimán'),
(753, 15, 'Tomatlán'),
(754, 15, 'Tonalá'),
(755, 15, 'Tonaya'),
(756, 15, 'Tonila'),
(757, 15, 'Totatiche'),
(758, 15, 'Tototlán'),
(759, 15, 'Tuxcacuesco'),
(760, 15, 'Tuxcueca'),
(761, 15, 'Tuxpan'),
(762, 15, 'Unión De San Antonio'),
(763, 15, 'Unión De Tula'),
(764, 15, 'Valle De Guadalupe'),
(765, 15, 'Valle De Juárez'),
(766, 15, 'San Gabriel'),
(767, 15, 'Villa Corona'),
(768, 15, 'Villa Guerrero'),
(769, 15, 'Villa Hidalgo'),
(770, 15, 'Cañadas De Obregón'),
(771, 15, 'Yahualica De González Gallo'),
(772, 15, 'Zacoalco De Torres'),
(773, 15, 'Zapopan'),
(774, 15, 'Zapotiltic'),
(775, 15, 'Zapotitlán De Vadillo'),
(776, 15, 'Zapotlán Del Rey'),
(777, 15, 'Zapotlanejo'),
(778, 15, 'San Ignacio Cerro Gordo'),
(779, 0, 'Acuitzio'),
(780, 0, 'Huiramba'),
(781, 0, 'San Lucas'),
(782, 0, 'Aguililla'),
(783, 0, 'Indaparapeo'),
(784, 0, 'Santa Ana Maya'),
(785, 16, 'Álvaro Obregón'),
(786, 16, 'Irimbo'),
(787, 16, 'Salvador Escalante'),
(788, 16, 'Angamacutiro'),
(789, 16, 'Ixtlán'),
(790, 16, 'Senguio'),
(791, 16, 'Angangueo'),
(792, 16, 'Jacona'),
(793, 16, 'Susupuato'),
(794, 16, 'Apatzingán'),
(795, 16, 'Jiménez'),
(796, 16, 'Tacámbaro'),
(797, 16, 'Aporo'),
(798, 16, 'Jiquilpan'),
(799, 16, 'Tancítaro'),
(800, 16, 'Aquila'),
(801, 16, 'Juárez'),
(802, 16, 'Tangamandapio'),
(803, 16, 'Ario'),
(804, 16, 'Jungapeo'),
(805, 16, 'Tangancícuaro'),
(806, 16, 'Arteaga'),
(807, 16, 'Lagunillas'),
(808, 16, 'Tanhuato'),
(809, 16, 'Briseñas'),
(810, 16, 'Madero'),
(811, 16, 'Taretan'),
(812, 16, 'Buenavista'),
(813, 16, 'Maravatío'),
(814, 16, 'Tarímbaro'),
(815, 16, 'Carácuaro'),
(816, 16, 'Marcos Castellanos'),
(817, 16, 'Tepalcatepec'),
(818, 16, 'Coahuayana'),
(819, 16, 'Lázaro Cárdenas'),
(820, 16, 'Tingambato'),
(821, 16, 'Coalcomán De Vázquez Pallares'),
(822, 16, 'Morelia'),
(823, 16, 'Tinguindín'),
(824, 16, 'Coeneo'),
(825, 16, 'Morelos'),
(826, 16, 'Tiquicheo De Nicolás Romero'),
(827, 16, 'Contepec'),
(828, 16, 'Múgica'),
(829, 16, 'Tlalpujahua'),
(830, 16, 'Copándaro'),
(831, 16, 'Nahuatzen'),
(832, 16, 'Tlazazalca'),
(833, 16, 'Cotija'),
(834, 16, 'Nocupétaro'),
(835, 16, 'Tocumbo'),
(836, 16, 'Cuitzeo'),
(837, 16, 'Nuevo Parangaricutiro'),
(838, 16, 'Tumbiscatío'),
(839, 16, 'Charapan'),
(840, 16, 'Nuevo Urecho'),
(841, 16, 'Turicato'),
(842, 16, 'Charo'),
(843, 16, 'Numarán'),
(844, 16, 'Tuxpan'),
(845, 16, 'Chavinda'),
(846, 16, 'Ocampo'),
(847, 16, 'Tuzantla'),
(848, 16, 'Cherán'),
(849, 16, 'Pajacuarán'),
(850, 16, 'Tzintzuntzan'),
(851, 16, 'Chilchota'),
(852, 16, 'Panindícuaro'),
(853, 16, 'Tzitzio'),
(854, 16, 'Chinicuila'),
(855, 16, 'Parácuaro'),
(856, 16, 'Uruapan'),
(857, 16, 'Chucándiro'),
(858, 16, 'Paracho'),
(859, 16, 'Venustiano Carranza'),
(860, 16, 'Churintzio'),
(861, 16, 'Pátzcuaro'),
(862, 16, 'Villamar'),
(863, 16, 'Churumuco'),
(864, 16, 'Penjamillo'),
(865, 16, 'Vista Hermosa'),
(866, 16, 'Ecuandureo'),
(867, 16, 'Peribán'),
(868, 16, 'Yurécuaro'),
(869, 16, 'Epitacio Huerta'),
(870, 16, 'Piedad, La'),
(871, 16, 'Zacapu'),
(872, 16, 'Erongarícuaro'),
(873, 16, 'Purépero'),
(874, 16, 'Zamora'),
(875, 16, 'Gabriel Zamora'),
(876, 16, 'Puruándiro'),
(877, 16, 'Zináparo'),
(878, 16, 'Hidalgo'),
(879, 16, 'Queréndaro'),
(880, 16, 'Zinapécuaro'),
(881, 16, 'Huacana, La'),
(882, 16, 'Quiroga'),
(883, 16, 'Ziracuaretiro'),
(884, 16, 'Huandacareo'),
(885, 16, 'Régules, Cojumatlán De'),
(886, 16, 'Zitácuaro'),
(887, 16, 'Huaniqueo'),
(888, 16, 'Reyes, Los'),
(889, 16, 'José Sixto Verduzco'),
(890, 16, 'Huetamo'),
(891, 16, 'Sahuayo'),
(892, 16, 'Villa Guerrero'),
(893, 16, 'Villa Hidalgo'),
(894, 16, 'Cañadas De Obregón'),
(895, 16, 'Yahualica De González Gallo'),
(896, 16, 'Zacoalco De Torres'),
(897, 16, 'Zapopan'),
(898, 16, 'Zapotiltic'),
(899, 16, 'Zapotitlán De Vadillo'),
(900, 16, 'Zapotlán Del Rey'),
(901, 16, 'Zapotlanejo'),
(902, 16, 'San Ignacio Cerro Gordo'),
(903, 17, 'Amacuzac '),
(904, 17, 'Atlatlahucan '),
(905, 17, 'Axochiapan '),
(906, 17, 'Ayala '),
(907, 17, 'Coatlan Del Río '),
(908, 17, 'Cuautla '),
(909, 17, 'Cuernavaca '),
(910, 17, 'Emiliano Zapata '),
(911, 17, 'Huitzilac '),
(912, 17, 'Jantetelco '),
(913, 17, 'Jiutepec '),
(914, 17, 'Jojutla '),
(915, 17, 'Jonacatepec '),
(916, 17, 'Mazatepec '),
(917, 17, 'Miacatlan'),
(918, 17, 'Ocuituco '),
(919, 17, 'Puente De Ixtla '),
(920, 17, 'Temixco '),
(921, 17, 'Temoac'),
(922, 17, 'Tepalcingo '),
(923, 17, 'Tepoztlan '),
(924, 17, 'Tetecala '),
(925, 17, 'Tetela Del Volcan'),
(926, 17, 'Tlalnepantla'),
(927, 17, 'Tlaltizapan'),
(928, 17, 'Tlaquiltenango'),
(929, 17, 'Tlayacapan'),
(930, 17, 'Totolapan'),
(931, 17, 'Xochitepec'),
(932, 17, 'Yautepec'),
(933, 17, 'Yecapixtla'),
(934, 17, 'Zacatepec'),
(935, 17, 'Zacualpan De Amilpas'),
(936, 18, 'Acaponeta '),
(937, 18, 'Ahuacatlán '),
(938, 18, 'Amatlán De Cañas '),
(939, 18, 'Bahía De Banderas'),
(940, 18, 'Compostela'),
(941, 18, 'Huajicori'),
(942, 18, 'Ixtlan Del Rio'),
(943, 18, 'Jala'),
(944, 18, 'Nayar, El'),
(945, 18, 'Rosamorada'),
(946, 18, 'Ruíz'),
(947, 18, 'San Blas'),
(948, 18, 'San Pedro Lagunillas'),
(949, 18, 'Santa María Del Oro'),
(950, 18, 'Santiago Ixcuintla'),
(951, 18, 'Tecuala'),
(952, 18, 'Tepic'),
(953, 18, 'Tuxpan'),
(954, 18, 'Xalisco '),
(955, 18, 'Yesca, La'),
(956, 19, 'Abasolo  '),
(957, 19, 'Agualeguas '),
(958, 19, 'Aldamas, Los '),
(959, 19, 'Allende '),
(960, 19, 'Anahuac'),
(961, 19, 'Apodaca '),
(962, 19, 'Aramberri '),
(963, 19, 'Bustamante '),
(964, 19, 'Cadereyta Jiménez '),
(965, 19, 'Carmen, El '),
(966, 19, 'Cerralvo '),
(967, 19, 'China '),
(968, 19, 'Ciénega De Flores '),
(969, 19, 'Doctor Arroyo '),
(970, 19, 'Doctor Coss '),
(971, 19, 'Doctor Gonzalez'),
(972, 19, 'Galeana '),
(973, 19, 'García '),
(974, 19, 'General Bravo '),
(975, 19, 'General Escobedo '),
(976, 19, 'General Teran'),
(977, 19, 'General Treviño '),
(978, 19, 'General Zaragoza '),
(979, 19, 'General Zuazua '),
(980, 19, 'Guadalupe '),
(981, 19, 'Herreras, Los '),
(982, 19, 'Hidalgo'),
(983, 19, 'Higueras'),
(984, 19, 'Hualahuises'),
(985, 19, 'Iturbide'),
(986, 19, 'Juarez'),
(987, 19, 'Lampazos De Naranjo'),
(988, 19, 'Linares'),
(989, 19, 'Marín'),
(990, 19, 'Melchor Ocampo'),
(991, 19, 'Mier Y Noriega'),
(992, 19, 'Mina'),
(993, 19, 'Montemorelos'),
(994, 19, 'Monterrey'),
(995, 19, 'Paras'),
(996, 19, 'Pesquería'),
(997, 19, 'Ramones, Los'),
(998, 19, 'Rayones'),
(999, 19, 'Sabinas Hidalgo'),
(1000, 19, 'Salinas Victoria'),
(1001, 19, 'San Nicolas De Los Garza'),
(1002, 19, 'San Pedro Garza García'),
(1003, 19, 'Santa Catarina'),
(1004, 19, 'Santiago'),
(1005, 19, 'Vallecillo'),
(1006, 19, 'Villaldama'),
(1007, 20, 'Abejones'),
(1008, 20, 'Acatlan De Perez Figueroa'),
(1009, 20, 'Animas Trujano'),
(1010, 20, 'Asuncion Cacalotepec'),
(1011, 20, 'Asuncion Cuyotepeji'),
(1012, 20, 'Asuncion Ixtaltepec'),
(1013, 20, 'Asuncion Nochixtlan'),
(1014, 20, 'Asuncion Ocotlan'),
(1015, 20, 'Asuncion Tlacolulita'),
(1016, 20, 'Ayoquezco De Aldama'),
(1017, 20, 'Ayotzintepec'),
(1018, 20, 'Calihuala'),
(1019, 20, 'Candelaria Loxicha'),
(1020, 20, 'Capulalpam De Mendez'),
(1021, 20, 'Cienega De Zimatlan'),
(1022, 20, 'Ciudad Ixtepec'),
(1023, 20, 'Coatecas Altas'),
(1024, 20, 'Coicoyan De Las Flores'),
(1025, 20, 'Concepcion Buenavista'),
(1026, 20, 'Concepcion Papalo'),
(1027, 20, 'Constancia Del Rosario'),
(1028, 20, 'Cosolapa'),
(1029, 20, 'Cosoltepec'),
(1030, 20, 'Cuilapam De Guerrero'),
(1031, 20, 'Cuyamecalco Villa De Zaragoza'),
(1032, 20, 'Chahuites'),
(1033, 20, 'Chalcatongo De Hidalgo'),
(1034, 20, 'Chiquihuitlan De Benito Juarez'),
(1035, 20, 'El Barrio De La Soledad'),
(1036, 20, 'El Espinal'),
(1037, 20, 'Eloxochitlan De Flores Magon'),
(1038, 20, 'Fresnillo De Trujano'),
(1039, 20, 'Guadalupe De Ramirez'),
(1040, 20, 'Guadalupe Etla'),
(1041, 20, 'Guelatao De Juarez'),
(1042, 20, 'Guevea De Humboldt'),
(1043, 20, 'Heroica Ciudad De Ejutla De Crespo'),
(1044, 20, 'Heroica Ciudad De Huajuapan De Leon'),
(1045, 20, 'Heroica Ciudad De Tlaxiaco'),
(1046, 20, 'Huautepec'),
(1047, 20, 'Huautla De Jimenez'),
(1048, 20, 'Ixpantepec Nieves'),
(1049, 20, 'Ixtlan De Juarez'),
(1050, 20, 'Juchitan De Zaragoza'),
(1051, 20, 'La Compañia'),
(1052, 20, 'La Pe'),
(1053, 20, 'La Reforma'),
(1054, 20, 'La Trinidad Vista Hermosa'),
(1055, 20, 'Loma Bonita'),
(1056, 20, 'Magdalena Apasco'),
(1057, 20, 'Magdalena Jaltepec'),
(1058, 20, 'Magdalena Mixtepec'),
(1059, 20, 'Magdalena Ocotlan'),
(1060, 20, 'Magdalena Peñasco'),
(1061, 20, 'Magdalena Teitipac'),
(1062, 20, 'Magdalena Tequisistlan'),
(1063, 20, 'Magdalena Tlacotepec'),
(1064, 20, 'Magdalena Yodocono De Porfirio Diaz'),
(1065, 20, 'Magdalena Zahuatlan'),
(1066, 20, 'Mariscala De Juarez'),
(1067, 20, 'Martires De Tacubaya'),
(1068, 20, 'Matias Romero'),
(1069, 20, 'Mazatlan Villa De Flores'),
(1070, 20, 'Mesones Hidalgo'),
(1071, 20, 'Miahuatlan De Porfirio Diaz'),
(1072, 20, 'Mixistlan De La Reforma'),
(1073, 20, 'Monjas'),
(1074, 20, 'Natividad'),
(1075, 20, 'Nazareno Etla'),
(1076, 20, 'Nejapa De Madero'),
(1077, 20, 'Nuevo Zoquiapam'),
(1078, 20, 'Oaxaca De Juarez'),
(1079, 20, 'Ocotlan De Morelos'),
(1080, 20, 'Pinotepa De Don Luis'),
(1081, 20, 'Pluma Hidalgo'),
(1082, 20, 'Putla Villa De Guerrero'),
(1083, 20, 'Reforma De Pineda'),
(1084, 20, 'Reyes Etla'),
(1085, 20, 'Rojas De Cuauhtemoc'),
(1086, 20, 'Salina Cruz'),
(1087, 20, 'San Agustin Amatengo'),
(1088, 20, 'San Agustin Atenango'),
(1089, 20, 'San Agustin Chayuco'),
(1090, 20, 'San Agustin De Las Juntas'),
(1091, 20, 'San Agustin Etla'),
(1092, 20, 'San Agustin Loxicha'),
(1093, 20, 'San Agustin Tlacotepec'),
(1094, 20, 'San Agustin Yatareni'),
(1095, 20, 'San Andres Cabecera Nueva'),
(1096, 20, 'San Andres Dinicuiti'),
(1097, 20, 'San Andres Huaxpaltepec'),
(1098, 20, 'San Andres Huayapam'),
(1099, 20, 'San Andres Ixtlahuaca'),
(1100, 20, 'San Andres Lagunas'),
(1101, 20, 'San Andres Nuxiño'),
(1102, 20, 'San Andres Paxtlan'),
(1103, 20, 'San Andres Sinaxtla'),
(1104, 20, 'San Andres Solaga'),
(1105, 20, 'San Andres Teotilalpam'),
(1106, 20, 'San Andres Tepetlapa'),
(1107, 20, 'San Andres Yaa'),
(1108, 20, 'San Andres Zabache'),
(1109, 20, 'San Andres Zautla'),
(1110, 20, 'San Antonino Castillo Velasco'),
(1111, 20, 'San Antonino El Alto'),
(1112, 20, 'San Antonino Monteverde'),
(1113, 20, 'San Antonio Acutla'),
(1114, 20, 'San Antonio De La Cal'),
(1115, 20, 'San Antonio Huitepec'),
(1116, 20, 'San Antonio Nanahuatipam'),
(1117, 20, 'San Antonio Sinicahua'),
(1118, 20, 'San Antonio Tepetlapa'),
(1119, 20, 'San Baltazar Chichicapam'),
(1120, 20, 'San Baltazar Loxicha'),
(1121, 20, 'San Baltazar Yatzachi El Bajo'),
(1122, 20, 'San Bartolo Coyotepec'),
(1123, 20, 'San Bartolo Soyaltepec'),
(1124, 20, 'San Bartolo Yautepec'),
(1125, 20, 'San Bartolome Ayautla'),
(1126, 20, 'San Bartolome Loxicha'),
(1127, 20, 'San Bartolome Quialana'),
(1128, 20, 'San Bartolome Yucuañe'),
(1129, 20, 'San Bartolome Zoogocho'),
(1130, 20, 'San Bernardo Mixtepec'),
(1131, 20, 'San Blas Atempa'),
(1132, 20, 'San Carlos Yautepec'),
(1133, 20, 'San Cristobal Amatlan'),
(1134, 20, 'San Cristobal Amoltepec'),
(1135, 20, 'San Cristobal Lachirioag'),
(1136, 20, 'San Cristobal Suchixtlahuaca'),
(1137, 20, 'San Dionisio Del Mar'),
(1138, 20, 'San Dionisio Ocotepec'),
(1139, 20, 'San Dionisio Ocotlan'),
(1140, 20, 'San Esteban Atatlahuca'),
(1141, 20, 'San Felipe Jalapa De Diaz'),
(1142, 20, 'San Felipe Tejalapam'),
(1143, 20, 'San Felipe Usila'),
(1144, 20, 'San Francisco Cahuacua'),
(1145, 20, 'San Francisco Cajonos'),
(1146, 20, 'San Francisco Chapulapa'),
(1147, 20, 'San Francisco Chindua'),
(1148, 20, 'San Francisco Del Mar'),
(1149, 20, 'San Francisco Huehuetlan'),
(1150, 20, 'San Francisco Ixhuatan'),
(1151, 20, 'San Francisco Jaltepetongo'),
(1152, 20, 'San Francisco Lachigolo'),
(1153, 20, 'San Francisco Logueche'),
(1154, 20, 'San Francisco Nuxaño'),
(1155, 20, 'San Francisco Ozolotepec'),
(1156, 20, 'San Francisco Sola'),
(1157, 20, 'San Francisco Telixtlahuaca'),
(1158, 20, 'San Francisco Teopan'),
(1159, 20, 'San Francisco Tlapancingo'),
(1160, 20, 'San Gabriel Mixtepec'),
(1161, 20, 'San Ildefonso Amatlan'),
(1162, 20, 'San Ildefonso Sola'),
(1163, 20, 'San Ildefonso Villa Alta'),
(1164, 20, 'San Jacinto Amilpas'),
(1165, 20, 'San Jacinto Tlacotepec'),
(1166, 20, 'San Jeronimo Coatlan'),
(1167, 20, 'San Jeronimo Silacayoapilla'),
(1168, 20, 'San Jeronimo Sosola'),
(1169, 20, 'San Jeronimo Taviche'),
(1170, 20, 'San Jeronimo Tecoatl'),
(1171, 20, 'San Jeronimo Tlacochahuaya'),
(1172, 20, 'San Jorge Nuchita'),
(1173, 20, 'San Jose Ayuquila'),
(1174, 20, 'San Jose Chiltepec'),
(1175, 20, 'San Jose Del Peñasco'),
(1176, 20, 'San Jose Del Progreso'),
(1177, 20, 'San Jose Estancia Grande'),
(1178, 20, 'San Jose Independencia'),
(1179, 20, 'San Jose Lachiguiri'),
(1180, 20, 'San Jose Tenango'),
(1181, 20, 'San Juan Achiutla'),
(1182, 20, 'San Juan Atepec'),
(1183, 20, 'San Juan Bautista Atatlahuca'),
(1184, 20, 'San Juan Bautista Coixtlahuaca'),
(1185, 20, 'San Juan Bautista Cuicatlan'),
(1186, 20, 'San Juan Bautista Guelache'),
(1187, 20, 'San Juan Bautista Jayacatlan'),
(1188, 20, 'San Juan Bautista Lo De Soto'),
(1189, 20, 'San Juan Bautista Suchitepec'),
(1190, 20, 'San Juan Bautista Tlacoatzintepec'),
(1191, 20, 'San Juan Bautista Tlachichilco'),
(1192, 20, 'San Juan Bautista Tuxtepec'),
(1193, 20, 'San Juan Bautista Valle Nacional'),
(1194, 20, 'San Juan Cacahuatepec'),
(1195, 20, 'San Juan Cieneguilla'),
(1196, 20, 'San Juan Coatzospam'),
(1197, 20, 'San Juan Colorado'),
(1198, 20, 'San Juan Comaltepec'),
(1199, 20, 'San Juan Cotzocon'),
(1200, 20, 'San Juan Chicomezuchil'),
(1201, 20, 'San Juan Chilateca'),
(1202, 20, 'San Juan De Los Cues'),
(1203, 20, 'San Juan Del Estado'),
(1204, 20, 'San Juan Del Rio'),
(1205, 20, 'San Juan Diuxi'),
(1206, 20, 'San Juan Evangelista Analco'),
(1207, 20, 'San Juan Guelavia'),
(1208, 20, 'San Juan Guichicovi'),
(1209, 20, 'San Juan Ihualtepec'),
(1210, 20, 'San Juan Juquila Mixes'),
(1211, 20, 'San Juan Juquila Vijanos'),
(1212, 20, 'San Juan Lachao'),
(1213, 20, 'San Juan Lachigalla'),
(1214, 20, 'San Juan Lajarcia'),
(1215, 20, 'San Juan Lalana'),
(1216, 20, 'San Juan Mazatlan'),
(1217, 20, 'San Juan Mixtepec - Distr. 08'),
(1218, 20, 'San Juan Mixtepec - Distr. 26'),
(1219, 20, 'San Juan Ñumi'),
(1220, 20, 'San Juan Ozolotepec'),
(1221, 20, 'San Juan Petlapa'),
(1222, 20, 'San Juan Quiahije'),
(1223, 20, 'San Juan Quiotepec'),
(1224, 20, 'San Juan Sayultepec'),
(1225, 20, 'San Juan Tabaa'),
(1226, 20, 'San Juan Tamazola'),
(1227, 20, 'San Juan Teita'),
(1228, 20, 'San Juan Teitipac'),
(1229, 20, 'San Juan Tepeuxila'),
(1230, 20, 'San Juan Teposcolula'),
(1231, 20, 'San Juan Yaee'),
(1232, 20, 'San Juan Yatzona'),
(1233, 20, 'San Juan Yucuita'),
(1234, 20, 'San Lorenzo'),
(1235, 20, 'San Lorenzo Albarradas'),
(1236, 20, 'San Lorenzo Cacaotepec'),
(1237, 20, 'San Lorenzo Cuaunecuiltitla'),
(1238, 20, 'San Lorenzo Texmelucan'),
(1239, 20, 'San Lorenzo Victoria'),
(1240, 20, 'San Lucas Camotlan'),
(1241, 20, 'San Lucas Ojitlan'),
(1242, 20, 'San Lucas Quiavini'),
(1243, 20, 'San Lucas Zoquiapam'),
(1244, 20, 'San Luis Amatlan'),
(1245, 20, 'San Marcial Ozolotepec'),
(1246, 20, 'San Marcos Arteaga'),
(1247, 20, 'San Martin De Los Cansecos'),
(1248, 20, 'San Martin Huamelulpam'),
(1249, 20, 'San Martin Itunyoso'),
(1250, 20, 'San Martin Lachila'),
(1251, 20, 'San Martin Peras'),
(1252, 20, 'San Martin Tilcajete'),
(1253, 20, 'San Martin Toxpalan'),
(1254, 20, 'San Martin Zacatepec'),
(1255, 20, 'San Mateo Cajonos'),
(1256, 20, 'San Mateo Del Mar'),
(1257, 20, 'San Mateo Etlatongo'),
(1258, 20, 'San Mateo Nejapam'),
(1259, 20, 'San Mateo Peñasco'),
(1260, 20, 'San Mateo Piñas'),
(1261, 20, 'San Mateo Rio Hondo'),
(1262, 20, 'San Mateo Sindihui'),
(1263, 20, 'San Mateo Tlapiltepec'),
(1264, 20, 'San Mateo Yoloxochitlan'),
(1265, 20, 'San Melchor Betaza'),
(1266, 20, 'San Miguel Achiutla'),
(1267, 20, 'San Miguel Ahuehuetitlan'),
(1268, 20, 'San Miguel Aloapam'),
(1269, 20, 'San Miguel Amatitlan'),
(1270, 20, 'San Miguel Amatlan'),
(1271, 20, 'San Miguel Coatlan'),
(1272, 20, 'San Miguel Chicahua'),
(1273, 20, 'San Miguel Chimalapa'),
(1274, 20, 'San Miguel Del Puerto'),
(1275, 20, 'San Miguel Del Rio'),
(1276, 20, 'San Miguel Ejutla'),
(1277, 20, 'San Miguel El Grande'),
(1278, 20, 'San Miguel Huautla'),
(1279, 20, 'San Miguel Mixtepec'),
(1280, 20, 'San Miguel Panixtlahuaca'),
(1281, 20, 'San Miguel Peras'),
(1282, 20, 'San Miguel Piedras'),
(1283, 20, 'San Miguel Quetzaltepec'),
(1284, 20, 'San Miguel Santa Flor'),
(1285, 20, 'San Miguel Soyaltepec'),
(1286, 20, 'San Miguel Suchixtepec'),
(1287, 20, 'San Miguel Tecomatlan'),
(1288, 20, 'San Miguel Tenango'),
(1289, 20, 'San Miguel Tequixtepec'),
(1290, 20, 'San Miguel Tilquiapam'),
(1291, 20, 'San Miguel Tlacamama'),
(1292, 20, 'San Miguel Tlacotepec'),
(1293, 20, 'San Miguel Tulancingo'),
(1294, 20, 'San Miguel Yotao'),
(1295, 20, 'San Nicolas'),
(1296, 20, 'San Nicolas Hidalgo'),
(1297, 20, 'San Pablo Coatlan'),
(1298, 20, 'San Pablo Cuatro Venados'),
(1299, 20, 'San Pablo Etla'),
(1300, 20, 'San Pablo Huitzo'),
(1301, 20, 'San Pablo Huixtepec'),
(1302, 20, 'San Pablo Macuiltianguis'),
(1303, 20, 'San Pablo Tijaltepec'),
(1304, 20, 'San Pablo Villa De Mitla'),
(1305, 20, 'San Pablo Yaganiza'),
(1306, 20, 'San Pedro Amuzgos'),
(1307, 20, 'San Pedro Apostol'),
(1308, 20, 'San Pedro Atoyac'),
(1309, 20, 'San Pedro Cajonos'),
(1310, 20, 'San Pedro Comitancillo'),
(1311, 20, 'San Pedro Coxcaltepec Cantaros'),
(1312, 20, 'San Pedro El Alto'),
(1313, 20, 'San Pedro Huamelula'),
(1314, 20, 'San Pedro Huilotepec'),
(1315, 20, 'San Pedro Ixcatlan'),
(1316, 20, 'San Pedro Ixtlahuaca'),
(1317, 20, 'San Pedro Jaltepetongo'),
(1318, 20, 'San Pedro Jicayan'),
(1319, 20, 'San Pedro Jocotipac'),
(1320, 20, 'San Pedro Juchatengo'),
(1321, 20, 'San Pedro Martir'),
(1322, 20, 'San Pedro Martir Quiechapa'),
(1323, 20, 'San Pedro Martir Yucuxaco'),
(1324, 20, 'San Pedro Mixtepec - Distr. 22 -'),
(1325, 20, 'San Pedro Mixtepec - Distr. 26 -'),
(1326, 20, 'San Pedro Molinos'),
(1327, 20, 'San Pedro Nopala'),
(1328, 20, 'San Pedro Ocopetatillo'),
(1329, 20, 'San Pedro Ocotepec'),
(1330, 20, 'San Pedro Pochutla'),
(1331, 20, 'San Pedro Quiatoni'),
(1332, 20, 'San Pedro Sochiapam'),
(1333, 20, 'San Pedro Tapanatepec'),
(1334, 20, 'San Pedro Taviche'),
(1335, 20, 'San Pedro Teozacoalco'),
(1336, 20, 'San Pedro Teutila'),
(1337, 20, 'San Pedro Tidaa'),
(1338, 20, 'San Pedro Topiltepec'),
(1339, 20, 'San Pedro Totolapa'),
(1340, 20, 'San Pedro Y San Pablo Ayutla'),
(1341, 20, 'San Pedro Y San Pablo Teposcolula'),
(1342, 20, 'San Pedro Y San Pablo Tequixtepec'),
(1343, 20, 'San Pedro Yaneri'),
(1344, 20, 'San Pedro Yolox'),
(1345, 20, 'San Pedro Yucunama'),
(1346, 20, 'San Raymundo Jalpan'),
(1347, 20, 'San Sebastian Abasolo'),
(1348, 20, 'San Sebastian Coatlan'),
(1349, 20, 'San Sebastian Ixcapa'),
(1350, 20, 'San Sebastian Nicananduta'),
(1351, 20, 'San Sebastian Rio Hondo'),
(1352, 20, 'San Sebastian Tecomaxtlahuaca'),
(1353, 20, 'San Sebastian Teitipac'),
(1354, 20, 'San Sebastian Tutla'),
(1355, 20, 'San Simon Almolongas'),
(1356, 20, 'San Simon Zahuatlan'),
(1357, 20, 'San Vicente Coatlan'),
(1358, 20, 'San Vicente Lachixio'),
(1359, 20, 'San Vicente Nuñu'),
(1360, 20, 'Santa Ana'),
(1361, 20, 'Santa Ana Ateixtlahuaca'),
(1362, 20, 'Santa Ana Cuauhtemoc'),
(1363, 20, 'Santa Ana Del Valle'),
(1364, 20, 'Santa Ana Tavela'),
(1365, 20, 'Santa Ana Tlapacoyan'),
(1366, 20, 'Santa Ana Yareni'),
(1367, 20, 'Santa Ana Zegache'),
(1368, 20, 'Santa Catalina Quieri'),
(1369, 20, 'Santa Catarina Cuixtla'),
(1370, 20, 'Santa Catarina Ixtepeji'),
(1371, 20, 'Santa Catarina Juquila'),
(1372, 20, 'Santa Catarina Lachatao'),
(1373, 20, 'Santa Catarina Loxicha'),
(1374, 20, 'Santa Catarina Mechoacan'),
(1375, 20, 'Santa Catarina Minas'),
(1376, 20, 'Santa Catarina Quiane'),
(1377, 20, 'Santa Catarina Quioquitani'),
(1378, 20, 'Santa Catarina Tayata'),
(1379, 20, 'Santa Catarina Ticua'),
(1380, 20, 'Santa Catarina Yosonotu'),
(1381, 20, 'Santa Catarina Zapoquila'),
(1382, 20, 'Santa Cruz Acatepec'),
(1383, 20, 'Santa Cruz Amilpas'),
(1384, 20, 'Santa Cruz De Bravo'),
(1385, 20, 'Santa Cruz Itundujia'),
(1386, 20, 'Santa Cruz Mixtepec'),
(1387, 20, 'Santa Cruz Nundaco'),
(1388, 20, 'Santa Cruz Papalutla'),
(1389, 20, 'Santa Cruz Tacache De Mina'),
(1390, 20, 'Santa Cruz Tacahua'),
(1391, 20, 'Santa Cruz Tayata'),
(1392, 20, 'Santa Cruz Xitla'),
(1393, 20, 'Santa Cruz Xoxocotlan'),
(1394, 20, 'Santa Cruz Zenzontepec'),
(1395, 20, 'Santa Gertrudis'),
(1396, 20, 'Santa Ines De Zaragoza'),
(1397, 20, 'Santa Ines Del Monte'),
(1398, 20, 'Santa Ines Yatzeche'),
(1399, 20, 'Santa Lucia Del Camino'),
(1400, 20, 'Santa Lucia Miahuatlan'),
(1401, 20, 'Santa Lucia Monteverde'),
(1402, 20, 'Santa Lucia Ocotlan'),
(1403, 20, 'Santa Magdalena Jicotlan'),
(1404, 20, 'Santa Maria Alotepec'),
(1405, 20, 'Santa Maria Apazco'),
(1406, 20, 'Santa Maria Atzompa'),
(1407, 20, 'Santa Maria Camotlan'),
(1408, 20, 'Santa Maria Colotepec'),
(1409, 20, 'Santa Maria Cortijo'),
(1410, 20, 'Santa Maria Coyotepec'),
(1411, 20, 'Santa Maria Chachoapam'),
(1412, 20, 'Santa Maria Chilchotla'),
(1413, 20, 'Santa Maria Chimalapa'),
(1414, 20, 'Santa Maria Del Rosario'),
(1415, 20, 'Santa Maria Del Tule'),
(1416, 20, 'Santa Maria Ecatepec'),
(1417, 20, 'Santa Maria Guelace'),
(1418, 20, 'Santa Maria Guienagati'),
(1419, 20, 'Santa Maria Huatulco'),
(1420, 20, 'Santa Maria Huazolotitlan'),
(1421, 20, 'Santa Maria Ipalapa'),
(1422, 20, 'Santa Maria Ixcatlan'),
(1423, 20, 'Santa Maria Jacatepec'),
(1424, 20, 'Santa Maria Jalapa Del Marques'),
(1425, 20, 'Santa Maria Jaltianguis'),
(1426, 20, 'Santa Maria La Asuncion'),
(1427, 20, 'Santa Maria Lachixio'),
(1428, 20, 'Santa Maria Mixtequilla'),
(1429, 20, 'Santa Maria Nativitas'),
(1430, 20, 'Santa Maria Nduayaco'),
(1431, 20, 'Santa Maria Ozolotepec'),
(1432, 20, 'Santa Maria Papalo'),
(1433, 20, 'Santa Maria Peñoles'),
(1434, 20, 'Santa Maria Petapa'),
(1435, 20, 'Santa Maria Quiegolani'),
(1436, 20, 'Santa Maria Sola'),
(1437, 20, 'Santa Maria Tataltepec'),
(1438, 20, 'Santa Maria Tecomavaca'),
(1439, 20, 'Santa Maria Temaxcalapa'),
(1440, 20, 'Santa Maria Temaxcaltepec'),
(1441, 20, 'Santa Maria Teopoxco'),
(1442, 20, 'Santa Maria Tepantlali'),
(1443, 20, 'Santa Maria Texcatitlan'),
(1444, 20, 'Santa Maria Tlahuitoltepec'),
(1445, 20, 'Santa Maria Tlalixtac'),
(1446, 20, 'Santa Maria Tonameca'),
(1447, 20, 'Santa Maria Totolapilla'),
(1448, 20, 'Santa Maria Xadani'),
(1449, 20, 'Santa Maria Yalina'),
(1450, 20, 'Santa Maria Yavesia'),
(1451, 20, 'Santa Maria Yolotepec'),
(1452, 20, 'Santa Maria Yosoyua'),
(1453, 20, 'Santa Maria Yucuhiti'),
(1454, 20, 'Santa Maria Zacatepec'),
(1455, 20, 'Santa Maria Zaniza'),
(1456, 20, 'Santa Maria Zoquitlan'),
(1457, 20, 'Santiago Amoltepec'),
(1458, 20, 'Santiago Apoala'),
(1459, 20, 'Santiago Apostol'),
(1460, 20, 'Santiago Astata'),
(1461, 20, 'Santiago Atitlan'),
(1462, 20, 'Santiago Ayuquililla'),
(1463, 20, 'Santiago Cacaloxtepec'),
(1464, 20, 'Santiago Camotlan'),
(1465, 20, 'Santiago Comaltepec'),
(1466, 20, 'Santiago Chazumba'),
(1467, 20, 'Santiago Choapam'),
(1468, 20, 'Santiago Del Rio'),
(1469, 20, 'Santiago Huajolotitlan'),
(1470, 20, 'Santiago Huauclilla'),
(1471, 20, 'Santiago Ihuitlan Plumas'),
(1472, 20, 'Santiago Ixcuintepec'),
(1473, 20, 'Santiago Ixtayutla'),
(1474, 20, 'Santiago Jamiltepec'),
(1475, 20, 'Santiago Jocotepec'),
(1476, 20, 'Santiago Juxtlahuaca'),
(1477, 20, 'Santiago Lachiguiri'),
(1478, 20, 'Santiago Lalopa'),
(1479, 20, 'Santiago Laollaga'),
(1480, 20, 'Santiago Laxopa'),
(1481, 20, 'Santiago Llano Grande'),
(1482, 20, 'Santiago Matatlan'),
(1483, 20, 'Santiago Miltepec'),
(1484, 20, 'Santiago Minas'),
(1485, 20, 'Santiago Nacaltepec'),
(1486, 20, 'Santiago Nejapilla'),
(1487, 20, 'Santiago Niltepec'),
(1488, 20, 'Santiago Nundiche'),
(1489, 20, 'Santiago Nuyoo'),
(1490, 20, 'Santiago Pinotepa Nacional'),
(1491, 20, 'Santiago Suchilquitongo'),
(1492, 20, 'Santiago Tamazola'),
(1493, 20, 'Santiago Tapextla'),
(1494, 20, 'Santiago Tenango'),
(1495, 20, 'Santiago Tepetlapa'),
(1496, 20, 'Santiago Tetepec'),
(1497, 20, 'Santiago Texcalcingo'),
(1498, 20, 'Santiago Textitlan'),
(1499, 20, 'Santiago Tilantongo'),
(1500, 20, 'Santiago Tillo'),
(1501, 20, 'Santiago Tlazoyaltepec'),
(1502, 20, 'Santiago Xanica'),
(1503, 20, 'Santiago Xiacui'),
(1504, 20, 'Santiago Yaitepec'),
(1505, 20, 'Santiago Yaveo'),
(1506, 20, 'Santiago Yolomecatl'),
(1507, 20, 'Santiago Yosondua'),
(1508, 20, 'Santiago Yucuyachi'),
(1509, 20, 'Santiago Zacatepec'),
(1510, 20, 'Santiago Zoochila'),
(1511, 20, 'Santo Domingo Albarradas'),
(1512, 20, 'Santo Domingo Armenta'),
(1513, 20, 'Santo Domingo Chihuitan'),
(1514, 20, 'Santo Domingo De Morelos'),
(1515, 20, 'Santo Domingo Ingenio'),
(1516, 20, 'Santo Domingo Ixcatlan'),
(1517, 20, 'Santo Domingo Nuxaa'),
(1518, 20, 'Santo Domingo Ozolotepec'),
(1519, 20, 'Santo Domingo Petapa'),
(1520, 20, 'Santo Domingo Roayaga'),
(1521, 20, 'Santo Domingo Tehuantepec'),
(1522, 20, 'Santo Domingo Teojomulco'),
(1523, 20, 'Santo Domingo Tepuxtepec'),
(1524, 20, 'Santo Domingo Tlatayapam'),
(1525, 20, 'Santo Domingo Tomaltepec'),
(1526, 20, 'Santo Domingo Tonala'),
(1527, 20, 'Santo Domingo Tonaltepec'),
(1528, 20, 'Santo Domingo Xagacia'),
(1529, 20, 'Santo Domingo Yanhuitlan'),
(1530, 20, 'Santo Domingo Yodohino'),
(1531, 20, 'Santo Domingo Zanatepec'),
(1532, 20, 'Santo Tomas Jalieza'),
(1533, 20, 'Santo Tomas Mazaltepec'),
(1534, 20, 'Santo Tomas Ocotepec'),
(1535, 20, 'Santo Tomas Tamazulapan'),
(1536, 20, 'Santos Reyes Nopala'),
(1537, 20, 'Santos Reyes Papalo'),
(1538, 20, 'Santos Reyes Tepejillo'),
(1539, 20, 'Santos Reyes Yucuna'),
(1540, 20, 'Silacayoapam'),
(1541, 20, 'Sitio De Xitlapehua'),
(1542, 20, 'Soledad Etla'),
(1543, 20, 'Tamazulapam Del Espiritu Santo'),
(1544, 20, 'Tanetze De Zaragoza'),
(1545, 20, 'Taniche'),
(1546, 20, 'Tataltepec De Valdes'),
(1547, 20, 'Teococuilco De Marcos Perez'),
(1548, 20, 'Teotitlan De Flores Magon'),
(1549, 20, 'Teotitlan Del Valle'),
(1550, 20, 'Teotongo'),
(1551, 20, 'Tepelmeme Villa De Morelos'),
(1552, 20, 'Tezoatlan De Segura Y Luna'),
(1553, 20, 'Tlacolula De Matamoros'),
(1554, 20, 'Tlacotepec Plumas'),
(1555, 20, 'Tlalixtac De Cabrera'),
(1556, 20, 'Totontepec Villa De Morelos'),
(1557, 20, 'Trinidad Zaachila'),
(1558, 20, 'Union Hidalgo Hidalgo'),
(1559, 20, 'Valerio Trujano'),
(1560, 20, 'Villa De Chilapa De Diaz'),
(1561, 20, 'Villa De Etla'),
(1562, 20, 'Villa De Tamazulapam Del Progreso'),
(1563, 20, 'Villa De Tututepec De Melchor Ocampo'),
(1564, 20, 'Villa De Zaachila'),
(1565, 20, 'Villa Diaz Ordaz'),
(1566, 20, 'Villa Hidalgo'),
(1567, 20, 'Villa Sola De Vega'),
(1568, 20, 'Villa Talea De Castro'),
(1569, 20, 'Villa Tejupam De La Union'),
(1570, 20, 'Yaxe'),
(1571, 20, 'Yogana'),
(1572, 20, 'Yutanduchi De Guerrero'),
(1573, 20, 'Zapotitlan Del Rio'),
(1574, 20, 'Zapotitlan Lagunas'),
(1575, 20, 'Zapotitlan Palmas'),
(1576, 20, 'Zimatlan De Alvarez'),
(1577, 21, 'Acajete '),
(1578, 21, 'Acateno '),
(1579, 21, 'Acatlán '),
(1580, 21, 'Acatzingo '),
(1581, 21, 'Acteopan '),
(1582, 21, 'Ahuacatlán '),
(1583, 21, 'Ahuatlán '),
(1584, 21, 'Ahuazotepec '),
(1585, 21, 'Ahuehuetitla '),
(1586, 21, 'Ajalpan '),
(1587, 21, 'Albino Zertuche '),
(1588, 21, 'Aljojuca '),
(1589, 21, 'Altepexi '),
(1590, 21, 'Amixtlán '),
(1591, 21, 'Amozoc '),
(1592, 21, 'Aquixtla '),
(1593, 21, 'Atempan '),
(1594, 21, 'Atexcal '),
(1595, 21, 'Atlixco '),
(1596, 21, 'Atoyatempan '),
(1597, 21, 'Atzala '),
(1598, 21, 'Atzitzihuacán '),
(1599, 21, 'Atzitzintla '),
(1600, 21, 'Axutla '),
(1601, 21, 'Ayotoxco De Guerrero '),
(1602, 21, 'Calpan '),
(1603, 21, 'Caltepec '),
(1604, 21, 'Camocuautla '),
(1605, 21, 'Caxhuacan '),
(1606, 21, 'Coatepec '),
(1607, 21, 'Coatzingo '),
(1608, 21, 'Cohetzala '),
(1609, 21, 'Cohuecán '),
(1610, 21, 'Coronango '),
(1611, 21, 'Coxcatlán '),
(1612, 21, 'Coyomeapan '),
(1613, 21, 'Coyotepec '),
(1614, 21, 'Cuapiaxtla De Madero '),
(1615, 21, 'Cuautempan '),
(1616, 21, 'Cuantinchán '),
(1617, 21, 'Cuautlancingo '),
(1618, 21, 'Coayuca De Andrade '),
(1619, 21, 'Cuetzalan Del Progreso '),
(1620, 21, 'Cuyoaco '),
(1621, 21, 'Chalchicomula De Sesma '),
(1622, 21, 'Chapulco '),
(1623, 21, 'Chiautla '),
(1624, 21, 'Chiautzingo '),
(1625, 21, 'Chiconcuautla '),
(1626, 21, 'Chichiquila '),
(1627, 21, 'Chietla '),
(1628, 21, 'Chigmecatitlan '),
(1629, 21, 'Chignahuapan '),
(1630, 21, 'Chignautla '),
(1631, 21, 'Chila '),
(1632, 21, 'Chila De La Sal '),
(1633, 21, 'Honey '),
(1634, 21, 'Chilchotla '),
(1635, 21, 'Chinantla '),
(1636, 21, 'Domingo Arenas '),
(1637, 21, 'Eloxochitlán '),
(1638, 21, 'Epatlán '),
(1639, 21, 'Esperanza '),
(1640, 21, 'Francisco Z. Mena '),
(1641, 21, 'General Felipe Angeles '),
(1642, 21, 'Guadalupe '),
(1643, 21, 'Guadalupe Victoria '),
(1644, 21, 'Hermenegildo Galeana '),
(1645, 21, 'Huaquechula '),
(1646, 21, 'Huatlatlauca '),
(1647, 21, 'Huauchinango '),
(1648, 21, 'Huehuetla '),
(1649, 21, 'Huehuetlán El Chico '),
(1650, 21, 'Huejotzingo '),
(1651, 21, 'Hueyapan '),
(1652, 21, 'Hueytamalco '),
(1653, 21, 'Hueytlalpan '),
(1654, 21, 'Huitzilan De Serdán '),
(1655, 21, 'Huitziltepec '),
(1656, 21, 'Atlequizayan '),
(1657, 21, 'Ixcamilpa De Guerrero '),
(1658, 21, 'Ixcaquixtla '),
(1659, 21, 'Ixtacamaxtitlán '),
(1660, 21, 'Ixtepec '),
(1661, 21, 'Izúcar De Matamoros '),
(1662, 21, 'Jalpan '),
(1663, 21, 'Jolalpan '),
(1664, 21, 'Jonotla '),
(1665, 21, 'Jopala '),
(1666, 21, 'Juan C. Bonilla '),
(1667, 21, 'Juan Galindo '),
(1668, 21, 'Juan N. Méndez '),
(1669, 21, 'Lafragua '),
(1670, 21, 'Libres '),
(1671, 21, 'Magdalena Tlatlauquitepec, La '),
(1672, 21, 'Mazapiltepec De Juárez '),
(1673, 21, 'Mixtla '),
(1674, 21, 'Molcaxac '),
(1675, 21, 'Morelos Cañada '),
(1676, 21, 'Naupan '),
(1677, 21, 'Nauzontla '),
(1678, 21, 'Nealtican '),
(1679, 21, 'Nicolás Bravo '),
(1680, 21, 'Nopalucan '),
(1681, 21, 'Ocotepec '),
(1682, 21, 'Ocoyucan '),
(1683, 21, 'Olintla '),
(1684, 21, 'Oriental '),
(1685, 21, 'Pahuatlán '),
(1686, 21, 'Palmar De Bravo '),
(1687, 21, 'Pantepec '),
(1688, 21, 'Petlalcingo '),
(1689, 21, 'Piaxtla '),
(1690, 21, 'Puebla '),
(1691, 21, 'Quecholac '),
(1692, 21, 'Quimixtlán '),
(1693, 21, 'Rafael Lara Grajales '),
(1694, 21, 'Reyes De Juárez, Los '),
(1695, 21, 'San Andrés Cholula '),
(1696, 21, 'San Antonio Cañada '),
(1697, 21, 'San Diego La Meza Tochimiltzingo '),
(1698, 21, 'San Felipe Teotlalcingo '),
(1699, 21, 'San Felipe Tepatlán '),
(1700, 21, 'San Gabriel Chilac '),
(1701, 21, 'San Gregorio Atzompa '),
(1702, 21, 'San Jerónimo Tecuanipan '),
(1703, 21, 'San Jerónimo Xayacatlán '),
(1704, 21, 'San José Chiapa '),
(1705, 21, 'San José Miahuatlán '),
(1706, 21, 'San Juan Atenco '),
(1707, 21, 'San Juan Atzompa '),
(1708, 21, 'San Martín Texmelucan '),
(1709, 21, 'San Martín Totoltepec '),
(1710, 21, 'San Matías Tlalancaleca '),
(1711, 21, 'San Miguel Ixitlán '),
(1712, 21, 'San Miguel Xoxtla '),
(1713, 21, 'San Nicolás Buenos Aires '),
(1714, 21, 'San Nicolás De Los Ranchos '),
(1715, 21, 'San Pablo Anicano '),
(1716, 21, 'San Pedro Cholula '),
(1717, 21, 'San Pedro Yeloixtlahuaca '),
(1718, 21, 'San Salvador El Seco '),
(1719, 21, 'San Salvador El Verde '),
(1720, 21, 'San Salvador Huixcolotla '),
(1721, 21, 'San Sebastián Tlacotepec '),
(1722, 21, 'Santa Catarina Tlaltempan '),
(1723, 21, 'Santa Inés Ahuatempan'),
(1724, 21, 'Santa Isabel Cholula'),
(1725, 21, 'Santiago Miahuatlán'),
(1726, 21, 'Huehuetlán El Grande'),
(1727, 21, 'Santo Tomás Hueyotlipan'),
(1728, 21, 'Soltepec'),
(1729, 21, 'Tecali De Herrera'),
(1730, 21, 'Tecamachalco'),
(1731, 21, 'Tecomatlán'),
(1732, 21, 'Tehuacán'),
(1733, 21, 'Tehuitzingo'),
(1734, 21, 'Tenampulco'),
(1735, 21, 'Teopantlán'),
(1736, 21, 'Teotlalco'),
(1737, 21, 'Tepanco De López'),
(1738, 21, 'Tepango De Rodríguez'),
(1739, 21, 'Tepatlaxco De Hidalgo'),
(1740, 21, 'Tepeaca'),
(1741, 21, 'Tepemaxalco'),
(1742, 21, 'Tepeojuma'),
(1743, 21, 'Tepetzintla'),
(1744, 21, 'Tepexco'),
(1745, 21, 'Tepexi De Rodríguez'),
(1746, 21, 'Tepeyahualco'),
(1747, 21, 'Tepeyahualco De Cuauhtémoc'),
(1748, 21, 'Tetela De Ocampo'),
(1749, 21, 'Teteles De Ávila Castillo'),
(1750, 21, 'Teziutlán'),
(1751, 21, 'Tianguismanalco'),
(1752, 21, 'Tilapa'),
(1753, 21, 'Tlacotepec De Benito Juárez'),
(1754, 21, 'Tlacuilotepec'),
(1755, 21, 'Tlachichuca'),
(1756, 21, 'Tlahuapan'),
(1757, 21, 'Tlaltenango'),
(1758, 21, 'Tlanepantla'),
(1759, 21, 'Tlaola'),
(1760, 21, 'Tlapacoya'),
(1761, 21, 'Tlapanalá'),
(1762, 21, 'Tlatlauquitepec'),
(1763, 21, 'Tlaxco'),
(1764, 21, 'Tochimilco'),
(1765, 21, 'Tochtepec'),
(1766, 21, 'Totoltepec De Guerrero'),
(1767, 21, 'Tulcingo'),
(1768, 21, 'Tuzamapan De Galeana'),
(1769, 21, 'Tzicatlacoyan'),
(1770, 21, 'Venustiano Carranza'),
(1771, 21, 'Vicente Guerrero'),
(1772, 21, 'Xayacatlán De Bravo'),
(1773, 21, 'Xicotepec'),
(1774, 21, 'Xicotlán'),
(1775, 21, 'Xiutetelco'),
(1776, 21, 'Xochiapulco'),
(1777, 21, 'Xochiltepec'),
(1778, 21, 'Xochitlán De Vicente Suárez'),
(1779, 21, 'Xochitlán Todos Santos'),
(1780, 21, 'Yaonáhuac'),
(1781, 21, 'Yehualtepec'),
(1782, 21, 'Zacapala'),
(1783, 21, 'Zacapoaxtla'),
(1784, 21, 'Zacatlán'),
(1785, 21, 'Zapotitlán'),
(1786, 21, 'Zapotitlán De Méndez'),
(1787, 21, 'Zaragoza'),
(1788, 21, 'Zautla'),
(1789, 21, 'Zihuateutla'),
(1790, 21, 'Zinacatepec');

-- --------------------------------------------------------

--
-- Estructura de tabla para la tabla `propiedades`
--

CREATE TABLE IF NOT EXISTS `propiedades` (
  `IdPropiedad` int(11) NOT NULL AUTO_INCREMENT,
  `Direccion` varchar(250) NOT NULL,
  `Colonia` varchar(100) NOT NULL,
  `Estado` varchar(20) NOT NULL,
  `Municipio` varchar(20) NOT NULL,
  `Construccion` varchar(20) NOT NULL,
  `Unidad1` varchar(10) NOT NULL,
  `Terreno` int(11) NOT NULL,
  `Unidad2` varchar(10) NOT NULL,
  `Precio` int(11) NOT NULL,
  `Moneda` varchar(10) NOT NULL,
  `Piso` int(11) NOT NULL,
  `Cochera` varchar(10) NOT NULL,
  `Cuarto` varchar(10) NOT NULL,
  `Bath` varchar(10) NOT NULL,
  `TOperacion` varchar(10) NOT NULL,
  `Antiguedad` varchar(20) NOT NULL,
  `TPropiedad` varchar(20) NOT NULL,
  `FInicio` varchar(10) NOT NULL,
  `FFin` varchar(10) NOT NULL,
  `Foto1` varchar(250) NOT NULL,
  `Foto2` varchar(250) NOT NULL,
  `Foto3` varchar(250) NOT NULL,
  `Foto4` varchar(250) NOT NULL,
  `Foto5` varchar(250) NOT NULL,
  `Foto6` varchar(250) NOT NULL,
  `Descripcion` varchar(500) NOT NULL,
  `Coordenadas` varchar(100) NOT NULL,
  `Disponible` varchar(2) NOT NULL,
  PRIMARY KEY (`IdPropiedad`)
) ENGINE=InnoDB  DEFAULT CHARSET=latin1 AUTO_INCREMENT=9 ;

--
-- Volcado de datos para la tabla `propiedades`
--

INSERT INTO `propiedades` (`IdPropiedad`, `Direccion`, `Colonia`, `Estado`, `Municipio`, `Construccion`, `Unidad1`, `Terreno`, `Unidad2`, `Precio`, `Moneda`, `Piso`, `Cochera`, `Cuarto`, `Bath`, `TOperacion`, `Antiguedad`, `TPropiedad`, `FInicio`, `FFin`, `Foto1`, `Foto2`, `Foto3`, `Foto4`, `Foto5`, `Foto6`, `Descripcion`, `Coordenadas`, `Disponible`) VALUES
(7, 'Dirección 1', 'Colonia 1', 'Colima', 'Villa De Álvarez', '12', 'M2', 14, 'M2', 123456, 'Pesos', 1, '1', '1', '1', 'Venta', 'Nueva', 'Casa', '29/10/2013', '29/10/2015', 'property/7/img1.jpg', 'property/7/img2.jpg', 'property/7/img3.jpg', 'property/7/img4.jpg', 'property/7/img5.jpg', 'property/7/img6.jpg', 'Nueva de paquete', '19.2402,-103.7290', 'Si'),
(8, 'Conocido', 'Colonia', 'Colima', 'Colima', '1200', 'M2', 2000, 'M2', 214748, 'Pesos', 2, '1', '3', '2', 'Traspaso', 'Usada', 'Casa', 'Ahora', 'Ahora', 'property/8/img1.jpg', '', '', '', '', '', 'Lalalalalla', '19.243853,-103.727331', 'Si');

-- --------------------------------------------------------

--
-- Estructura de tabla para la tabla `usuarios`
--

CREATE TABLE IF NOT EXISTS `usuarios` (
  `Id_Usuario` int(11) NOT NULL AUTO_INCREMENT,
  `Usuario` varchar(50) COLLATE utf8_spanish_ci DEFAULT NULL,
  `Clave` varchar(50) COLLATE utf8_spanish_ci DEFAULT NULL,
  `Correo` varchar(45) COLLATE utf8_spanish_ci DEFAULT NULL,
  `Activo` varchar(10) COLLATE utf8_spanish_ci DEFAULT NULL,
  PRIMARY KEY (`Id_Usuario`)
) ENGINE=MyISAM  DEFAULT CHARSET=utf8 COLLATE=utf8_spanish_ci AUTO_INCREMENT=44 ;

--
-- Volcado de datos para la tabla `usuarios`
--

INSERT INTO `usuarios` (`Id_Usuario`, `Usuario`, `Clave`, `Correo`, `Activo`) VALUES
(1, 'admin', '21232f297a57a5a743894a0e4a801fc3', 'isr62@hotmail.com', '1');

/*!40101 SET CHARACTER_SET_CLIENT=@OLD_CHARACTER_SET_CLIENT */;
/*!40101 SET CHARACTER_SET_RESULTS=@OLD_CHARACTER_SET_RESULTS */;
/*!40101 SET COLLATION_CONNECTION=@OLD_COLLATION_CONNECTION */;
